Artista,Género musical,Tipo,Nombre,Año de lanzamiento,ID_Spotify,ID_Album,Popularidad
Billy Ocean,Latin (Origen: pop),Canción,Caribbean Queen (No More Love On the Run),2010,4JEylZNW8SbO4zUyfVrpb7,7n4OT3zEZaEiyKKd6mFAhi,75
Nicki Minaj,Latin (Origen: pop),Canción,Super Bass,2010,3hlksXnvbKogFdPbpO9vel,7aADdYLiK1z7GlMFr0UIZw,80
David Guetta,Latin (Origen: pop),Canción,Memories (feat. Kid Cudi),2010,7fLzbEOBOae9lUnOwr7Tse,7fHeCs5cgtXYqxBPG1iK1n,82
Joey Montana,Latin (Origen: pop),Canción,La Melodía,2010,2sH1DIngiSA8EQfkcQXpBq,10BqbyvQvltaEwWr9I67l8,66
Pitbull,Latin (Origen: pop),Canción,Guantanamera (She's Hot),2010,7CijDWxEEbKq76O5rpyCEN,0kv3Rm7PODqJBQaVJiezuB,64
David Guetta,Latin (Origen: pop),Canción,Who's That Chick? (feat. Rihanna),2010,7e1h7rqNB0BBC2fUuWEEFe,7fHeCs5cgtXYqxBPG1iK1n,72
INNA,Latin (Origen: pop),Canción,Amazing,2010,52hQY9AntPqOQM46N9BnfC,7mRhzwh8TINisagYjnmIMT,71
USHER,Latin (Origen: pop),Canción,More - RedOne Jimmy Joker Remix,2010,0aBKFfdyOD1Ttvgv0cfjjJ,5GNPZT1Bxq0EP7PQDQmK3U,71
Bruno Mars,Latin (Origen: pop),Canción,Marry You,2010,6SKwQghsR8AISlxhcwyA9R,6J84szYCnMfzEcvIcfWMFL,81
Melendi,Latin (Origen: pop),Canción,Barbie de extrarradio,2010,7bp62Lo0nOBcfB70iUoibE,1O2K1CtGy9oNUPkmOKLnAx,66
IZAL,Latin (Origen: pop),Canción,Eco,2010,4Bk5Q65UbeAShxoQmddBYR,6i0Twqpwao7f4jasg9FQVU,47
Fondo Flamenco,Latin (Origen: pop),Canción,El Misterio,2010,6IbuOIQOkrSQKJAvQo07f3,4HVUiAzlHzt20UHnjzOPq4,49
Lady A,Latin (Origen: pop),Canción,Need You Now,2010,7GAaTpSoTWUTbP2Yxlt4Hd,5RypFF6rN9MUxFe4aAWA28,76
Canelita,Latin (Origen: pop),Canción,Baila Reggaeton,2010,0NDEWNVvRd8V9qVWOgBWHb,5CUsVkmvLwlnf6VTRZvqqH,47
Maroon 5,Latin (Origen: pop),Canción,"Moves Like Jagger - Studio Recording From ""The Voice"" Performance",2010,7pYfyrMNPn3wtoCyqcTVoI,1snrPQMoTrBsKl73wzSxbn,82
Camila,Latin (Origen: pop),Canción,De Qué Me Sirve la Vida,2010,3YHGqAHprVEArAxLzaBE6O,0MPMiyavAbARflBlNGjIA6,72
Rihanna,Latin (Origen: pop),Canción,S&M,2010,0C4ejWmOTMv8vuYj85mf8m,7vN82vd1Vq44fjlhjfvHJp,74
Los Rebujitos,Latin (Origen: pop),Canción,Un Bonito Final,2010,1fRstt9Ftedotij9ipkPDR,3qeDf8K4Ymc62Jerpxi4bG,54
The Irrepressibles,Latin (Origen: pop),Canción,In This Shirt,2010,14QX1ckbDIhqetvu5VZ3cP,6AOnHGR6Adnmi4FyR3UK6e,74
INNA,Latin (Origen: pop),Canción,Deja Vu,2010,3V7choSVaP2zUqtIYpfynG,1BykQV2nA2F8zXzsUJ6DQ2,68
Justin Bieber,Latin (Origen: pop),Canción,Somebody To Love,2010,3rLIv187BhjyweFe89SgLn,3BmcYMh0KYsimWL6p2gPa9,75
Shakira,Latin (Origen: pop),Canción,Rabiosa (feat. Pitbull),2010,2Xh7dyCHCErCv3PmdVEGw4,3gR578qnw47M30LVBTjrlW,71
Camila,Latin (Origen: pop),Canción,Bésame,2010,4LjyEL2sAQU7QZPC6GuTf6,0MPMiyavAbARflBlNGjIA6,73
Malú,Latin (Origen: pop),Canción,Blanco y Negro,2010,01GOfcFj720XJOKwnpv6I9,273buPXMrWCNebglkJodUr,50
David Guetta,Latin (Origen: pop),Canción,When Love Takes Over (feat. Kelly Rowland),2010,0GWGZA5mxo9nHuSyrj70uo,7fHeCs5cgtXYqxBPG1iK1n,76
Camila,Latin (Origen: pop),Canción,Aléjate de Mí,2010,15AbuFJdFrbINydSMSqVhV,0MPMiyavAbARflBlNGjIA6,75
Raya Real,Latin (Origen: pop),Canción,Ya es Navidad Popurrí: Ya es Navidad- Zúmbale a la pandereta - Ya vienen los Reyes Magos - Arre Borriquito - Ya es Navidad,2010,58uudyh1lw0OOIFUYH8NRA,2yB2QymBYlen6hYk5ueXFt,51
Rihanna,Latin (Origen: pop),Canción,Only Girl (In The World),2010,0AH6WMe3OlAlUb5miXt2FQ,7vN82vd1Vq44fjlhjfvHJp,75
Chayanne,Latin (Origen: pop),Canción,Me Enamoré de Ti,2010,1sJFu2pvYJhtEOo9oVe1TZ,2Z1OKCVyqJ1lMHTU612E07,68
El Arrebato,Latin (Origen: pop),Canción,Durmiendo en tu ombligo (con Vanesa Martín),2010,1hTBfeQtRdVrPNZp6SXPQ5,62ZMjKsXecAUg1MVZusYMK,57
Train,Latin (Origen: pop),Canción,"Hey, Soul Sister",2010,4HlFJV71xXKIGcU3kRyttv,1CwXS6MAz8Wo7K4TzW9iuR,83
INNA,Latin (Origen: pop),Canción,Hot,2010,7F1lHcpnTycnimQrCxDFI5,1BykQV2nA2F8zXzsUJ6DQ2,73
Jason Derulo,Latin (Origen: pop),Canción,Whatcha Say,2010,7xkQdy0cy5ymoWT7nedvLz,0DEsmIQ5ir7tz52Nkf4i1K,76
Los Rebujitos,Latin (Origen: pop),Canción,Todos Los Besos,2010,0BQXMBMiFDuRgEp73vLNet,3qeDf8K4Ymc62Jerpxi4bG,54
Camila,Latin (Origen: pop),Canción,Mientes,2010,5EhzE6HJaCcLFrf5rPqvpk,0MPMiyavAbARflBlNGjIA6,79
Enrique Iglesias,Latin (Origen: pop),Canción,Cuando Me Enamoro,2010,4PHX6bpHDxiR9RGzAKWcyk,5JNhQFH8HMKQWP4SITzdoc,79
Kesha,Latin (Origen: pop),Canción,TiK ToK,2010,0HPD5WQqrq7wPWR7P7Dw1i,6fpLLJsDSSAlToEDW2jv4F,85
Shakira,Latin (Origen: pop),Canción,Addicted to You,2010,4zy1s9GnxWsNzZp1688euA,3gR578qnw47M30LVBTjrlW,80
Shakira,Latin (Origen: pop),Canción,Loca (feat. El Cata),2010,42k1KeBehAd83lrGt1okiC,3gR578qnw47M30LVBTjrlW,76
Rihanna,Latin (Origen: pop),Canción,Only Girl (In The World),2010,2ENexcMEMsYk0rVJigVD3i,5QG3tjE5L9F6O2vCAPph38,86
Rihanna,Latin (Origen: pop),Canción,S&M,2010,7ySUcLPVX7KudhnmNcgY2D,5QG3tjE5L9F6O2vCAPph38,85
Camila,Latin (Origen: latin pop),Canción,Entre Tus Alas,2010,2WBivCIGbNwTFgnZFCwqKn,0MPMiyavAbARflBlNGjIA6,57
Angel Y Khriz,Latin (Origen: latin pop),Canción,Ayer La Vi,2010,2DcgfpjjP0EDY11XiBKUnX,441w84evLgVKSEgdIw8f3m,55
Shakira,Latin (Origen: latin pop),Canción,Loca (feat. Dizzee Rascal),2010,6YMPu36VGIknb8Ey1ohW3j,3gR578qnw47M30LVBTjrlW,61
La Nueva Mezkla,Latin (Origen: latin pop),Canción,Popurri piru,2010,491ZA9Pq2p60PSCuJwURSg,0P5lhqGJpPsGGo9mJN92oB,36
Juanes,Latin (Origen: latin pop),Canción,Yerbatero,2010,7jUwaYkoy1koPCjXlov21Y,5zl0FmMSVWelddFzNG5fBC,55
Julieta Venegas,Latin (Origen: latin pop),Canción,Bien o Mal,2010,54Mjd3irHbiPNjW2MNgzKV,7rrYlu3nL2ZfW7RR9tSDMO,60
Pepe Aguilar,Latin (Origen: latin pop),Canción,Popurri De Sones Jalicienses,2010,7Ikjsl2JdLYCEHUd51lFYN,15B0y5xXvbvKO6EVuxIQsq,29
La Vida Bohème,Latin (Origen: latin pop),Canción,El Zar,2010,0GpnUYaiXsJMqibEnJndrv,1nR5qTcRHaVi0hfYcTcQ7I,36
Morocco's Band,Latin (Origen: latin pop),Canción,Te amé en mis sueños,2010,5ZQeanLwxkPutvvUaCsj9t,1bRx8BjEdoL0oeJzi4SRQz,33
Enrique Iglesias,Latin (Origen: latin pop),Canción,Ayer,2010,7vPhS66JQeI0grgyByCBCH,5JNhQFH8HMKQWP4SITzdoc,58
Oki y Los Pibes De Oro,Latin (Origen: latin pop),Canción,Popurri de Oki,2010,3ySebjjDcefXuHfHKTjyh6,538vGjWskok8gwUOcJZ6fa,29
Enrique Iglesias,Latin (Origen: latin pop),Canción,No Me Digas Que No,2010,2A2U1QnZHSPriVFOxS6oZM,5JNhQFH8HMKQWP4SITzdoc,67
Mohombi,Latin (Origen: latin pop),Canción,Bumpy Ride,2010,6yPYf2WsJWfbUM6f63MwQq,0TFxOkFYPrhIzzrKv5CWZf,56
Walter Olmos,Latin (Origen: latin pop),Canción,Por lo que yo te quiero,2010,6q8IfvTRGvi2IZUmkavsr9,6x0GbSgMkwKW1rP4x5YWbU,55
Chayanne,Latin (Origen: latin pop),Canción,Si No Estás,2010,1MGQ0s110vTUHTsFsSJXwk,2Z1OKCVyqJ1lMHTU612E07,48
Camila,Latin (Origen: latin pop),Canción,De Mí,2010,1hCswNajdTPRtuggsGtpCX,0MPMiyavAbARflBlNGjIA6,65
Belinda,Latin (Origen: latin pop),Canción,Egoista,2010,5ps9mIL0zlXeBpTbCer5cz,50t7ukoOOT4d6eoH6HZKYG,38
Diego Torres,Latin (Origen: latin pop),Canción,Guapa,2010,1pWrC1eBExAjlLYzy8GWvy,3QWLsjiPkGOFLZ7GEBsNhi,61
"Alex, Jorge Y Lena",Latin (Origen: latin pop),Canción,Estar Contigo,2010,5alzmkzsRYR34iswlNhUcK,0IzAWiOhG3tBQM1dDZ2kxl,55
Miguel Bosé,Latin (Origen: latin pop),Canción,Estuve a punto de...,2010,6DFUgsBxq5K9n8qKc5LJLJ,1gItXC52sSjsyMWRTUCbdV,43
Calle Ciega,Latin (Origen: latin pop),Canción,Oye Niña Bonita,2010,4mTgvSdkzkinxy0JQHpkbM,4uRN9EggRqWGzZFnUjz54u,46
Shakira,Latin (Origen: latin pop),Canción,Rabiosa (feat. El Cata),2010,19t0Z7qsoV6A1CGJVYRnjm,3gR578qnw47M30LVBTjrlW,64
Ricardo Arjona,Latin (Origen: latin pop),Canción,Puente (Caribe),2010,2qcyNGUO5gRalyeA86VP0u,6ILI18PjZWhIi3yEoP3PpJ,51
Dyland & Lenny,Latin (Origen: latin pop),Canción,Quiere Pa' Que Te Quieran,2010,7JXeiPr6I074dcQgTqQVXU,2XpLbDgssTyK3AmeQlfUL3,51
Marc Anthony,Latin (Origen: latin pop),Canción,Y Cómo Es El,2010,3h8KGJn9UFX2cfjN78iMVF,5SGUCNeCuGHbR73Iyh2F7g,62
Shakira,Latin (Origen: latin pop),Canción,Gordita (feat. Residente Calle 13),2010,6fufW0yhOYcNHvAaUwgpS1,3gR578qnw47M30LVBTjrlW,61
Marc Anthony,Latin (Origen: latin pop),Canción,A Quién Quiero Mentirle,2010,6ngLct6z0pCqJcevM11HDH,5SGUCNeCuGHbR73Iyh2F7g,58
Shakira,Latin (Origen: latin pop),Canción,Lo Que Más,2010,6c8ZIkGXlKE5vSzrUbHLDr,3gR578qnw47M30LVBTjrlW,51
Ricardo Arjona,Latin (Origen: latin pop),Canción,Marta,2010,3TOw7eQz7g2Ak2TOMzu3jd,6ILI18PjZWhIi3yEoP3PpJ,58
Tecupae,Latin (Origen: latin pop),Canción,Y Voy a Amarte,2010,1IZocCcHoBAcDutHXPEkKT,7g7pH8sG8UFdV7hxaWJMAy,49
Shakira,Latin (Origen: latin pop),Canción,Sale el Sol,2010,1DJxR9NMQ14fv1WK0pHodt,3gR578qnw47M30LVBTjrlW,61
Shakira,Latin (Origen: latin pop),Canción,Antes de las Seis,2010,5J5uyhoBZxJwmjy2Zg6DgF,3gR578qnw47M30LVBTjrlW,61
Mohombi,Latin (Origen: latin pop),Canción,Coconut Tree,2010,1j7GNdjuK5wfmvxCbVcWMY,0TFxOkFYPrhIzzrKv5CWZf,54
Shakira,Latin (Origen: latin pop),Canción,Waka Waka (Esto Es Africa) - K-Mix,2010,4DRFIoachXrW8YV7Yje0yz,3gR578qnw47M30LVBTjrlW,58
La Húngara,Latin (Origen: latin pop),Canción,A Mallorca,2010,5mWwcHyyfwUkSRoZKRjYcu,3RPzavqMHmSpAP1HU4Kh0R,35
Macaco,Latin (Origen: latin pop),Canción,Seguiremos (feat. Manolo Garcia),2010,31xOFZSgNYfsFuMINHTxVF,5hKd1wp9qEK2kANQvah4QR,37
Carlos Baute,Latin (Origen: latin pop),Canción,Quién te quiere como yo,2010,7kT8GFH03WvZmqsGTa9pho,3uJvUZtp7RsrynInx3q3RZ,62
Decai,Latin (Origen: latin pop),Canción,El Alma En Pie,2010,5B5d0lHXUVYJJjXXJOvgzI,1E50fW6UiQCfJU6N2zyD1m,41
Macaco,Latin (Origen: latin pop),Canción,Puerto Presente (feat. Fito y Fitipaldis),2010,7c5YhnVL2na1tZhwhq3d3B,5hKd1wp9qEK2kANQvah4QR,38
Calibre 50,Latin (Origen: latin pop),Canción,Culiacán Vs. Mazatlán,2010,6TlCQBVenVdJWJknrVeCYr,0Npb5RTXimPOeUQONeuz3A,68
Luis Miguel,Latin (Origen: latin pop),Canción,No Me Puedes Dejar Asi,2010,4NWpfDWcLOKAPUjNoqFIc1,2oHF59HQoCwm67wXS4OzPK,54
Jesse & Joy,Latin (Origen: latin pop),Canción,Chocolate,2010,732VjsqF6mwjL4l7vdlkx1,3o2ISZrrYHFTKUP3DKuvrK,53
Los Tucanes De Tijuana,Latin (Origen: latin pop),Canción,El Centenario,2010,65PXVu64xyXCpKczg4K9Cz,4xxr8BlUMAKDdVRmDIyDjq,63
Ulises Bueno,Latin (Origen: latin pop),Canción,Amada mía,2010,6Yw83UlvRNgQkVgcgoVfAO,5wstPwsG5nAGU7wjpOWHyP,51
Los Buitres De Culiacan Sinaloa,Latin (Origen: latin pop),Canción,Sanguinarios Del M1,2010,4EAhDuoqyRtV4WiuN49OUe,0zoLvMVhdvhHRFSpQpnO8E,68
Rodrigo,Latin (Origen: latin pop),Canción,Me extrañaras,2010,5zZ8Oy2kCaJcFkg8Vtb35B,0wZB11wUoKMA0i9ZipWcVQ,46
Gerardo Ortiz,Latin (Origen: latin pop),Canción,La Ultima Sombra,2010,6Z5k18VPZu4b1IaIQmbecn,7jyBbVcnqfV8vtmyyPJarL,71
Nonpalidece,Latin (Origen: latin pop),Canción,La Flor,2010,2x9kIjm8AejYJCunY9yKOA,20yi48fX2JcQ9JnIlo29bV,55
Diego Torres,Latin (Origen: latin pop),Canción,Mi Corazon Se Fue,2010,1E88SJxVLYXu1VHugFqB4u,3QWLsjiPkGOFLZ7GEBsNhi,44
Ricardo Arjona,Latin (Origen: latin pop),Canción,Usted,2010,4FuMhL7M7Kqdf526MPpraF,6ILI18PjZWhIi3yEoP3PpJ,48
Camila,Latin (Origen: latin pop),Canción,Restos de Abril,2010,7nuvJjaHyyJQKiyCQ9XCPZ,0MPMiyavAbARflBlNGjIA6,45
Marc Anthony,Latin (Origen: latin pop),Canción,Ya Lo Sé Que Tú Te Vas,2010,2pbVPGYrkDwjye0Ji6p7DF,5SGUCNeCuGHbR73Iyh2F7g,38
Shakira,Latin (Origen: latin pop),Canción,Tu Boca,2010,6ja9N12lzBD1TRuQfZb18z,3gR578qnw47M30LVBTjrlW,41
Luis Miguel,Latin (Origen: latin pop),Canción,Decidete,2010,1Bj38BvqH19WTe5AFq3fMJ,2oHF59HQoCwm67wXS4OzPK,55
Ricardo Arjona,Latin (Origen: latin pop),Canción,Vida,2010,2zsy54iGXDG6d1G1hM2UNa,6ILI18PjZWhIi3yEoP3PpJ,43
Luis Miguel,Latin (Origen: latin pop),Canción,Palabra De Honor,2010,4TQ90ljASOU0gnF8T3QKIb,2oHF59HQoCwm67wXS4OzPK,47
La Quinta Estacion,Latin (Origen: latin pop),Canción,Me Muero,2010,0BKcgDA6YWEJSMvhf19ueZ,1QOVPH6w0xGNyZF2KPIzEd,38
Tecupae,Latin (Origen: latin pop),Canción,Sueño Contigo,2010,3ecHlRR3rjvdOzVEyymWJX,7g7pH8sG8UFdV7hxaWJMAy,35
Enrique Iglesias,Latin (Origen: latin pop),Canción,No Me Digas Que No,2010,2MDi2voBc7ppcJSUtMghqW,5JNhQFH8HMKQWP4SITzdoc,38
Dragon & Caballero,Latin (Origen: latin pop),Canción,Dime Si Volverás,2010,7bGpLA0hvOcojfVZfD9jvx,3pdBHYmb4RIIRNS4IWzI7z,45
Fanny Lu,Latin (Origen: latin pop),Canción,Mar De Amor,2010,2jIpTVw07643E6o4MNYV6g,3TqLvZ0wbslp9iEI1yrkh1,36
Camila,Latin (Origen: latin pop),Canción,Me Voy,2010,7iHI6K7jVyjHxRdbdM1NMr,0MPMiyavAbARflBlNGjIA6,45
Chayanne,Latin (Origen: latin pop),Canción,Me Enamoré de Ti - Bachata Version,2010,2WZuXFuwYYQ4kyOerCGsSG,1yaqYlWtlF26KGdroYtfnZ,26
Diego Torres,Latin (Origen: latin pop),Canción,No Alcanzan Las Flores,2010,0xsr84ZgsPPOgARZoAIHVx,3QWLsjiPkGOFLZ7GEBsNhi,43
Camila,Latin (Origen: latin pop),Canción,Dejarte de Amar,2010,2itL5ufxxduT1hUocBvSdJ,0MPMiyavAbARflBlNGjIA6,46
Camila,Latin (Origen: latin pop),Canción,Mientes - (Version Acústica),2010,6rFDuwKiBF1Bx4REUsplt7,7oaQZ49gr32aSpaJ0ZLM7E,17
Damián Córdoba,Latin (Origen: latin pop),Canción,Q' Tal,2010,1PDtrQFf9pseH4J58Rf8iw,6yISxI632Khpi7zWaj91sQ,59
Chayanne,Latin (Origen: latin pop),Canción,Siento,2010,5BHOvdkbRanV1tIWaxKSvR,2Z1OKCVyqJ1lMHTU612E07,38
Shakira,Latin (Origen: latin pop),Canción,Devoción,2010,58haa2vmqz7tCG7FFDrLWZ,3gR578qnw47M30LVBTjrlW,43
ChocQuibTown,Latin (Origen: latin pop),Canción,De Donde Vengo Yo,2010,45u74xsxp52pwKRypyWxUs,3DKX0g1ZBCAnnc05zNxiEN,27
Enrique Iglesias,Latin (Origen: latin pop),Canción,Dile Que,2010,7uSmwldEpCtl9WhFEiH3RG,5JNhQFH8HMKQWP4SITzdoc,42
Ricardo Arjona,Latin (Origen: latin pop),Canción,Qué Voy a Hacer Conmigo,2010,5F0lcomkvDUMXC0MzBbKuf,6ILI18PjZWhIi3yEoP3PpJ,45
Enrique Iglesias,Latin (Origen: latin pop),Canción,Tu Y Yo,2010,7ncRy35NIlwfEyPytMu2DX,5JNhQFH8HMKQWP4SITzdoc,43
Shakira,Latin (Origen: latin pop),Canción,Mariposas,2010,5mqbIuIagl2q2HZqTiLSfS,3gR578qnw47M30LVBTjrlW,43
Julieta Venegas,Latin (Origen: latin pop),Canción,Despedida,2010,1aE6eXDmeZA9XQsQLuXsSE,7rrYlu3nL2ZfW7RR9tSDMO,51
Chayanne,Latin (Origen: latin pop),Canción,Me Pierdo Contigo,2010,2GRVeE4aAV1LNoI1y3Awy4,2Z1OKCVyqJ1lMHTU612E07,40
Nelly Furtado,Latin (Origen: latin pop),Canción,Fotografía - Duet With Juanes,2010,7LDFERi0M8S23zgA5l8JDb,1uH3MnbKQVPFZa0tuzpgoZ,41
Carla Morrison,Latin (Origen: latin pop),Canción,Esta Soledad,2010,3atBihS3yDm2fTduR9AADF,27D8ocwRauxTXCZKIbpZKg,50
Juan Luis Guerra 4.40,Latin (Origen: latin pop),Canción,La Calle,2010,6akA6K3koUfyu1atnByNDr,2LqYd5gIJxEvG5md8kGeyL,39
Felipe Peláez,Latin (Origen: latin pop),Canción,Despues de Ti,2010,0sXoDU0oCReaFD2XqJKVe0,55hnkHvJs1RySORpAAFM2a,48
Chayanne,Latin (Origen: latin pop),Canción,Tu Boca,2010,7nGiBA8aCeMbh4bQun3pFT,2Z1OKCVyqJ1lMHTU612E07,44
El Guincho,Latin (Origen: latin pop),Canción,Bombay,2010,60aWOhenofxdFViDXn3lfp,5GDOwdJ0okcBaqmyPlNSsC,40
Belinda,Latin (Origen: latin pop),Canción,Dopamina,2010,5NpOHO4AtDL0KK2TXzgKbU,50t7ukoOOT4d6eoH6HZKYG,26
Joey Montana,Latin (Origen: latin pop),Canción,Tus Ojos No Me Ven,2010,3AeI1xRkvnylBB94JKuXzt,10BqbyvQvltaEwWr9I67l8,53
Julieta Venegas,Latin (Origen: latin pop),Canción,Amores Platónicos,2010,3dyr9NVX6cZwYelfZLFUYQ,7rrYlu3nL2ZfW7RR9tSDMO,49
Luis Miguel,Latin (Origen: latin pop),Canción,La Chica Del Bikini Azul,2010,3WYggjHWaIjvonYfDBPDV0,2oHF59HQoCwm67wXS4OzPK,54
David Bisbal,Latin (Origen: latin pop),Canción,Latin Love,2010,1rO57hmCfeMsGGhOdgeVjK,3G5a3YahvUN4jbFrg0PBRE,9
Oki y Los Pibes De Oro,Latin (Origen: latin pop),Canción,Popurri,2010,2ReQMgQnU9Ds0VjOtgVPg6,538vGjWskok8gwUOcJZ6fa,21
Oki y Los Pibes De Oro,Latin (Origen: latin pop),Canción,Popurri de El Tiempo,2010,2plTlVgelhZ0GZk0FNqyN3,538vGjWskok8gwUOcJZ6fa,25
Antonio Orozco,Latin (Origen: spanish pop),Canción,Ya Lo Sabes,2010,7Cgva5oPX7e412mUlDLreF,5qe341vXwMqhKUljw13rjm,54
De Jeugd Van Tegenwoordig,Latin (Origen: spanish pop),Canción,Get Spanish,2010,7yHDSgozeHWY4uqDy65nKl,11rfbdYl1pFjo4sVoPWuKB,47
Bert Kaempfert,Latin (Origen: spanish pop),Canción,Spanish Eyes,2010,5TlY1mVM0dL8nce0hfYmBX,1GAaPEO2DbckkYOUM9uk5s,10
Kevin Pabst,Latin (Origen: spanish pop),Canción,Spanish Eyes,2010,52YaqlPisu5k8YblZYaJEo,56oMvDRGQfmJHuJFt0oKAx,18
Bert Kaempfert,Latin (Origen: spanish pop),Canción,Spanish Eyes,2010,4QjKdK9BKlOlfLpIRkHJ4u,0XaDMFH9L9ON94FogLsgxG,12
2 minutos,Latin (Origen: spanish pop),Canción,Melodía de barrio,2010,5Saphxus6UX3TAbwApPJXJ,5ak3UleVbbRDoLwUS8Nxui,32
Camila,Latin (Origen: spanish pop),Canción,Abrázame - Versión Acústica,2010,64jazlN0IptURNCcXlWrZ1,1keLgxOT1qqp6O8kEZALyq,27
Michael Marc,Latin (Origen: spanish pop),Canción,Aubrey (Bread/David Gates Cover),2010,2q76iFFZB098M4POe61ilS,7r9xDXjAuK3mDY6GzZhZ3j,32
Michael Marc,Latin (Origen: spanish pop),Canción,Killing Me Softly (Roberta Flack Cover),2010,4GwKbuaDXxytLL5MPQaYkF,7r9xDXjAuK3mDY6GzZhZ3j,25
Módulos & Los Iberos,Latin (Origen: spanish pop),Canción,Un Nuevo Día (Spanish Pop),2010,66FspLrTehjSUsJCqaqnbk,34FRjQgzXPIYpO0XmagPX0,5
Michael Marc,Latin (Origen: spanish pop),Canción,Wave (Antonio Carlos Jobim - Instrumental),2010,2D3JOzCb8y9lcBlegRNaSW,0TfmOq6SalVkpHy1HVizCd,29
Michael Marc,Latin (Origen: spanish pop),Canción,Layla (Eric Clapton - Instrumental Unplugged),2010,4eCqpSgzfKuvZpQHCXlDFl,0TfmOq6SalVkpHy1HVizCd,30
Módulos & Los Iberos,Latin (Origen: spanish pop),Canción,Adios Al Ayer (Spanish Pop),2010,5sEpHlgY1pRfreGbg7TGMc,34FRjQgzXPIYpO0XmagPX0,6
Michael Marc,Latin (Origen: spanish pop),Canción,Hotel California (Eagles - Instrumental),2010,0MxAqiS9fS9ygV5WqzLD94,0TfmOq6SalVkpHy1HVizCd,27
Michael Marc,Latin (Origen: spanish pop),Canción,Besame Mucho,2010,42QylFh1g7nR31S0LhB1zb,7r9xDXjAuK3mDY6GzZhZ3j,19
Michael Marc,Latin (Origen: spanish pop),Canción,Tears in Heaven (Eric Clapton - Instrumental),2010,1x2jMVLFjJGXILzK3dQ0KR,0TfmOq6SalVkpHy1HVizCd,34
Nelly Furtado,Latin (Origen: spanish pop),Canción,Fotografía - Duet With Juanes,2010,4oyLaR5i04DYdqEAByke6d,472G6dTzOLZxPoBWvH5atQ,8
Módulos & Los Iberos,Latin (Origen: spanish pop),Canción,Isabel (Spanish Pop),2010,1hyth6mcnv68LQxY5Kb0TN,34FRjQgzXPIYpO0XmagPX0,1
Michael Marc,Latin (Origen: spanish pop),Canción,Stardust (Poeira De Estrelas),2010,1JqrHvVu7k82bDwY3ToGzi,7r9xDXjAuK3mDY6GzZhZ3j,16
Módulos & Los Iberos,Latin (Origen: spanish pop),Canción,Solo Tú (Spanish Pop),2010,1ZWUrYMNoHFJ0fKblWWPCd,34FRjQgzXPIYpO0XmagPX0,4
Michael Marc,Latin (Origen: spanish pop),Canción,Ondas De La Vida (Original Guitar Music),2010,2VgmYy8NJ0u0FojhGxaRSE,0TfmOq6SalVkpHy1HVizCd,33
Módulos & Los Iberos,Latin (Origen: spanish pop),Canción,Ya No Me Quieres (Spanish Pop),2010,6ekcIZLKglKYHtJHF58cuM,34FRjQgzXPIYpO0XmagPX0,6
Charo,Latin (Origen: spanish pop),Canción,Esta Vez Ya No Vuelvo,2010,74Ba34UWor2zMJEvrnWoL7,2gSFWPqXo73QisLT5NbmPG,1
Michael Marc,Latin (Origen: spanish pop),Canción,Unforgettable (Nat King Cole Cover),2010,0HTJt1nw8jw29zZag3gpk0,7r9xDXjAuK3mDY6GzZhZ3j,18
Amaury Gutiérrez,Latin (Origen: spanish pop),Canción,Remolino,2010,5LiTkoKPAOZ1CUBcTnwgWb,4oZVAbazCKoqmjRpGAwD5A,26
Michael Marc,Latin (Origen: spanish pop),Canción,Entre Dos Luces (Spanish Guitar Improvisation),2010,2TQTeLaYvv4kMqAPogTY4l,7r9xDXjAuK3mDY6GzZhZ3j,19
Michael Marc,Latin (Origen: spanish pop),Canción,Your Song (Elton John - Instrumental),2010,5qAgK8C30YzR46Fgos2ale,0TfmOq6SalVkpHy1HVizCd,40
Charo,Latin (Origen: spanish pop),Canción,Ingrato Amor,2010,2N32V0es0yOfqtvryeTDDw,2gSFWPqXo73QisLT5NbmPG,2
Ryan,Latin (Origen: spanish pop),Canción,Rush Love - Spanish Radio Edit,2010,3oKS1LIXpwytH4mPjhV7Eu,1IeffKOuJTqW1GfWvx7Z4J,23
Madonna,Latin (Origen: spanish pop),Canción,Spanish Lesson - Live,2010,2zM8s3HAYboGE6saIgdVja,1uiHQYyeEZ9rhKwyw4lc9b,24
Módulos & Los Iberos,Latin (Origen: spanish pop),Canción,Las Tres de La Noche (Spanish Pop),2010,7jAYjhaLg1j9t7Ne9tpboj,34FRjQgzXPIYpO0XmagPX0,7
Los Angeles,Latin (Origen: spanish pop),Canción,Momentos,2010,75fzqgCEdgv4RekYIUvKLO,75vcvfORa4otql73VM8txK,2
Michael Marc,Latin (Origen: spanish pop),Canción,Desperado (Eagles - Instrumental),2010,43W6uN68GBstgt4oUwuMB1,0TfmOq6SalVkpHy1HVizCd,23
Los Angeles,Latin (Origen: spanish pop),Canción,Mónica,2010,6mEuHPSdb4jlaNC52sEb7b,75vcvfORa4otql73VM8txK,0
Los Angeles,Latin (Origen: spanish pop),Canción,¿Has Amado Alguna Vez?,2010,7y9K9UZVfTDPCVBtzEr1B7,75vcvfORa4otql73VM8txK,0
Los Angeles,Latin (Origen: spanish pop),Canción,Abre tu Ventana,2010,4fRunoCryXDEHEcqejx9kb,75vcvfORa4otql73VM8txK,0
Los Angeles,Latin (Origen: spanish pop),Canción,98.6,2010,0wrpTphF6w9SJ2WpHQufsD,75vcvfORa4otql73VM8txK,1
Michael Marc,Latin (Origen: spanish pop),Canción,Knockin' On Heaven's Door (Bob Dylan / Guns n Roses - Instrumental),2010,3lXRYfANlyQAEkPhTKWcgQ,0TfmOq6SalVkpHy1HVizCd,25
Los Angeles,Latin (Origen: spanish pop),Canción,Evolución,2010,1IiHcScDSvTPWw1JTnATCl,75vcvfORa4otql73VM8txK,1
The Brisks,Latin (Origen: spanish pop),Canción,Pepe Será Papá,2010,30BsmKKRY6ekVs9Ihcj0Z1,53w3lbk9OTgg3utRGdRntL,9
Michael Marc,Latin (Origen: spanish pop),Canción,Ain't No Sunshine (Bill Withers - Instrumental),2010,4RKV0BB01f8Uzpp8D1lGac,0TfmOq6SalVkpHy1HVizCd,24
Módulos & Los Iberos,Latin (Origen: spanish pop),Canción,Todo Tiene Su Fin (Spanish Pop),2010,4R5w4foRFxiyt9xRsNmSZI,34FRjQgzXPIYpO0XmagPX0,10
Reik,Latin (Origen: spanish pop),Canción,Noviembre Sin Ti,2010,1HGoJsL1fukNvcGodMa65K,1QOVPH6w0xGNyZF2KPIzEd,32
The Brisks,Latin (Origen: spanish pop),Canción,"María Cristina ""Con la Droga No""",2010,04OuuWjWyydxGM0BRD8Sbp,53w3lbk9OTgg3utRGdRntL,4
Miss Caffeina,Latin (Origen: spanish pop),Canción,N=1,2010,3hF4gQLaQCw3kVGqXE1GLS,4jrxwE2NqPv9FmFJylPeH5,23
Maga,Latin (Origen: spanish pop),Canción,Sal y Otras Historias,2010,1FTTdwQbPW0LzirXGedGm4,3PbUrZ3EFTzP011u6n8q4A,24
Amaia Montero,Latin (Origen: spanish pop),Canción,Chiquitita - Spanish Version,2010,1pxONouV0aTwiM5FeQQdvH,20j5ttGPiospy77dO2811f,48
Fi-Asko,Latin (Origen: spanish pop),Canción,Poder Popular - De Mundo Rural,2010,1YpZgNoyC6XAWGFCF6oCL8,1rWJGJnoPvRnhTTfL5e1dv,27
Poncho K,Latin (Origen: spanish pop),Canción,El Ultimo Sol,2010,3obMV3pTiGgxbO9KaVotMt,3I1gtM7Npq24aBfGmLkfuV,32
Poncho K,Latin (Origen: spanish pop),Canción,Una Historia Con Las Manos,2010,4uVJ7tzpl4k4hWOMuMngEF,1l1N1jeZyjENtK8YFoxIRE,21
Nelly Furtado,Latin (Origen: spanish pop),Canción,Lo Bueno Siempre Tiene Un Final,2010,63kN5BGaS9zr5dBR6uUd8s,1OOabdC8rh1cOFMfRmPyOp,31
Spanish Guitar,Latin (Origen: spanish pop),Canción,Sultans Of Swing,2010,24J6RA19TJfTH2XL55ou6u,5GsSjGfHLLk0lmBwcQcbpj,18
Lori Meyers,Latin (Origen: spanish pop),Canción,Enhorabuena Eres El Que Tiene Más,2010,2OiLRoB1W9EgNgQ3NLPZOf,1Wi1sETJXV9JCa5KycSuBA,12
Thorleifs,Latin (Origen: spanish pop),Canción,Spanish Eyes,2010,3fHxlgZ2bxJEQwBjoJ2bPP,2UCzuzQZQgaxqscl0dPsSG,10
Willie Bobo & His Orchestra,Latin (Origen: spanish pop),Canción,Spanish Grease,2010,3KBsncdf4nNAoDWKPlovQ4,0pY2dmCVzmmS8R0lP2uY5K,5
Spanish Harlem Orchestra,Latin (Origen: spanish pop),Canción,Como Baila Mi Mulata,2010,317kfYv0kfY8YQUBW6kglx,6APptXUs4Fww2xxIYZ5zKK,18
Módulos & Los Iberos,Latin (Origen: spanish pop),Canción,Summertime Girl (Spanish Pop),2010,6eDLGzfCgcIHHW2YzZFkEe,34FRjQgzXPIYpO0XmagPX0,1
2 minutos,Latin (Origen: spanish pop),Canción,Cabeza de limón,2010,1T0NL18dUEk23y1QgRERK0,5ak3UleVbbRDoLwUS8Nxui,28
Charo,Latin (Origen: spanish pop),Canción,Lo Nuestro Se Acabó,2010,1NS9xyZh7BuDlVlTgwLadk,2gSFWPqXo73QisLT5NbmPG,1
The Brisks,Latin (Origen: spanish pop),Canción,Bad Moon Rising,2010,0MqHNONUrgIm6ofG3Mbvck,0CEDeyZ1741U3nn0PN7S85,0
Los Ébora,Latin (Origen: spanish pop),Canción,Válgame la Macarena,2010,2xSWATSrLnxJz7znQzky49,63KKeQkPW0FD9TGF2zy4Mb,0
Los Ébora,Latin (Origen: spanish pop),Canción,Presumida,2010,63zoCk7Hr77DY5zbyiDrUY,63KKeQkPW0FD9TGF2zy4Mb,0
Antonio Machín,Latin (Origen: spanish pop),Canción,Tengo una Debilidad (1951),2010,3MURju3sdmvcp8gCoUU55B,6LtRGhk19TXrG6BwF1zqHo,0
Banda Aca,Latin (Origen: spanish pop),Canción,Jesahel - Spanish,2010,1VS2ZXiN50tEbZ6pAEuUq2,3skRykA8bcUY0kPpDuJlhu,2
Los Ébora,Latin (Origen: spanish pop),Canción,Popotitos,2010,0QtwrmzfCmh9Z2t89cI3Uq,63KKeQkPW0FD9TGF2zy4Mb,0
The Brisks,Latin (Origen: spanish pop),Canción,Popotitos,2010,2886VQXKtSZrNbGPNZY1XC,0CEDeyZ1741U3nn0PN7S85,0
Charo,Latin (Origen: spanish pop),Canción,Todo Me Recuerda A Tí,2010,00WQF2Ks971wJ1COfclYEL,1wJWTOUYvZUf69ii6KeHkq,0
Charo,Latin (Origen: spanish pop),Canción,Hoy Sigues Estando Aquí,2010,5gtIUuSX7ZaTqvGhDU2Qx0,2gSFWPqXo73QisLT5NbmPG,0
Charo,Latin (Origen: spanish pop),Canción,Sólo Tú,2010,3YuiyF905l4U74uP4y7yoN,1wJWTOUYvZUf69ii6KeHkq,0
Charo,Latin (Origen: spanish pop),Canción,Hacia Ningún Lugar,2010,5yQSQoCA3XTqZhwYwl274W,2gSFWPqXo73QisLT5NbmPG,0
Charo,Latin (Origen: spanish pop),Canción,Por Tí,2010,4BSuLHnquqgDwCCfDyhKRk,2gSFWPqXo73QisLT5NbmPG,1
Michael Marc,Latin (Origen: spanish pop),Canción,Gymnopedie #1 (Erik Satie),2010,3hoQDBWZBhTHszkTnvluKq,7r9xDXjAuK3mDY6GzZhZ3j,6
Módulos & Los Iberos,Latin (Origen: spanish pop),Canción,Con Tu Amor (Spanish Pop),2010,42s77DxrNLXzLWKK9WbNgP,34FRjQgzXPIYpO0XmagPX0,0
Michael Marc,Latin (Origen: spanish pop),Canción,Danny Boy (Irish Traditional),2010,3oesII0XoQjkHO7FeFqsq9,7r9xDXjAuK3mDY6GzZhZ3j,13
Nelly Furtado,Latin (Origen: spanish pop),Canción,Manos Al Aire - Best Of Version,2010,1YWfSvPyRVv6C3Kq2a9ysV,472G6dTzOLZxPoBWvH5atQ,5
Felipe Conde,Latin (Origen: spanish pop),Canción,Echo de Menos (Spanish Pop),2010,1BZRwolevmiiDAKAsUTBzX,1PhIFGNj6lRsbcLXoHxY8g,0
Módulos & Los Iberos,Latin (Origen: spanish pop),Canción,30 Años Después (Spanish Pop),2010,0eFBqZz1z9WM1kQaUGMdKZ,34FRjQgzXPIYpO0XmagPX0,0
Michael Marc,Latin (Origen: spanish pop),Canción,Aphrodite (Original Composition),2010,3qJhufnCKide8VN9mxWzIl,7r9xDXjAuK3mDY6GzZhZ3j,7
Nelly Furtado,Latin (Origen: spanish pop),Canción,Fotografía - Duet With Juanes,2010,5aOGzM5SyTexiDzWcY7WjG,1OOabdC8rh1cOFMfRmPyOp,7
Bulldog,Latin (Origen: spanish pop),Canción,Cementerio Punk,2010,4Dh5TroTXJHxfN1oAMbVsy,1Mby0Orwj1yTbldgZ7FTgn,15
Nelly Furtado,Latin (Origen: spanish pop),Canción,Te Busque - Spanish Version,2010,5c9m0DqFEjU5oaP72jDDHt,3JNOWU5SDkOeo24H6jHyUV,3
Michael Marc,Latin (Origen: spanish pop),Canción,Tenderly (Louis Armstrong Cover),2010,0Hm0cGqekU7lfpxS7dqIRb,7r9xDXjAuK3mDY6GzZhZ3j,7
Módulos & Los Iberos,Latin (Origen: spanish pop),Canción,Cuando Te Espero (Spanish Pop),2010,0O3z1yyNU1yqXDTPijelhU,34FRjQgzXPIYpO0XmagPX0,0
Módulos & Los Iberos,Latin (Origen: spanish pop),Canción,Mañana (Spanish Pop),2010,6tFINhBMrpSAhtJlxzPrp0,34FRjQgzXPIYpO0XmagPX0,0
Bulldog,Latin (Origen: spanish pop),Canción,Mas que diez,2010,5Q31cJ3oZuvZYUaA3MdtHQ,1Mby0Orwj1yTbldgZ7FTgn,26
Michael Marc,Latin (Origen: spanish pop),Canción,What a Wonderful World (Louis Armstrong Cover),2010,77Hni6l1xgHiEYw38W5wNu,7r9xDXjAuK3mDY6GzZhZ3j,24
Nelly Furtado,Latin (Origen: spanish pop),Canción,Manos Al Aire - Best Of Version,2010,5c83v9ofBkl5tvWFSTjmli,1OOabdC8rh1cOFMfRmPyOp,10
Expulsados,Latin (Origen: spanish pop),Canción,El Otro,2010,79tGkWqtSBKgwgC2xwsqLA,08pE5qhZHO6UdxHp81GjXp,25
Michael Marc,Latin (Origen: spanish pop),Canción,September in the Rain (Frank Sinatra Cover),2010,7KekPWBMs2DNeWPGSelSXv,7r9xDXjAuK3mDY6GzZhZ3j,6
Michael Marc,Latin (Origen: spanish pop),Canción,Michelle (Beatles Classic),2010,4fT1irWmSyVirLT3nzlVIj,7r9xDXjAuK3mDY6GzZhZ3j,16
Michael Marc,Latin (Origen: spanish pop),Canción,Black Orpheus (Manha De Carnaval),2010,5Cb8FCXOYVK6p571vzMbJa,7r9xDXjAuK3mDY6GzZhZ3j,14
Nelly Furtado,Latin (Origen: spanish pop),Canción,Fotografía - Duet With Juanes,2010,6kQvAQSLcwv52vJ0JSTtq9,3JNOWU5SDkOeo24H6jHyUV,3
Ryan Paris,Latin (Origen: spanish pop),Canción,Yo Quiero Amarte Una Vez Más - Spanish Version,2010,1oiUgG4ECcS6c1gvYbqVSy,0E98pWsHNzi1jLR7FZzAMW,14
Nelly Furtado,Latin (Origen: spanish pop),Canción,Manos Al Aire - Best Of Version,2010,4n5M9EkFG5vflTwUhZwyiV,3JNOWU5SDkOeo24H6jHyUV,3
Michael Marc,Latin (Origen: spanish pop),Canción,On a Clear Day (You Can See Forever),2010,76xXaJIRYSfVOlh4JhujOV,7r9xDXjAuK3mDY6GzZhZ3j,14
Michael Marc,Latin (Origen: spanish pop),Canción,I Shot the Sheriff (Eric Clapton - Instrumental),2010,62oWimGaVedU59Usz5efjq,0TfmOq6SalVkpHy1HVizCd,12
Michael Marc,Latin (Origen: spanish pop),Canción,Dindi (Bossa Nova - Antonio Carlos Jobim Cover),2010,3dmQg3R88cHu5Z2mOVxlXu,7r9xDXjAuK3mDY6GzZhZ3j,12
Michael Marc,Latin (Origen: spanish pop),Canción,Take Five (Paul Desmond/Dave Brubeck - Instrumental),2010,1p0RqLXeZjhakOPb3JNjFm,0TfmOq6SalVkpHy1HVizCd,16
Michael Marc,Latin (Origen: spanish pop),Canción,All Along the Watchtower (Bob Dylan / Jimi Hendrix - Instrumental),2010,4hMykzKU1vKPpP9UOfyKEi,0TfmOq6SalVkpHy1HVizCd,16
Fidel Nadal,Latin (Origen: pop latino),Canción,Te Robaste Mi Corazón,2010,5fzXA437Mj45Tl5NgXeeq7,2tmdMhMxeLkpn4X1LgNhht,44
Fangoria,Latin (Origen: pop latino),Canción,La pequeña edad de hielo,2010,5a0yyl2fx54UdykpCcdPP0,0vXfXbi5tbN5JmsuhyDkv2,22
Joey Montana,Latin (Origen: pop latino),Canción,No Lo Vuelvo Hacer,2010,6nMwQPaXBb4XZ2o70VMPoL,10BqbyvQvltaEwWr9I67l8,29
Fanny Lu,Latin (Origen: pop latino),Canción,Celos - Urban Remix,2010,2EgdSaa1pFEOJiy1TerN0Y,3TqLvZ0wbslp9iEI1yrkh1,44
Mohombi,Latin (Origen: pop latino),Canción,Bumpy Ride,2010,5da4ILcukMSPDTy07kJEom,3IN02i6ZWeTniRRGKDA8cP,32
Dragon & Caballero,Latin (Origen: pop latino),Canción,El Toque del Amor,2010,0f02sNtLDZABCxEm6xEsni,3pdBHYmb4RIIRNS4IWzI7z,36
Pitbull,Latin (Origen: pop latino),Canción,Tu Cuerpo,2010,5QqCTlzMOfEHVBnK7dlqIq,0kv3Rm7PODqJBQaVJiezuB,28
Julieta Venegas,Latin (Origen: pop latino),Canción,Un Lugar,2010,3WJ5U8zAoMykeKmtoRnC8k,7rrYlu3nL2ZfW7RR9tSDMO,30
Cristian Castro,Latin (Origen: pop latino),Canción,Gracias,2010,1JfC6vNicN1gAsRq8dW0qQ,5s1szSS0a2V9biUld0YdNK,41
Julieta Venegas,Latin (Origen: pop latino),Canción,Eterno,2010,4oHcB5ick6RCUxvNRmMh5D,7rrYlu3nL2ZfW7RR9tSDMO,27
Gloria Trevi,Latin (Origen: pop latino),Canción,Me Río De Ti,2010,0PHUkVioMjKaVt6NzAnJY1,3VKmYt76riVBLx2chYLmxy,25
Carlos Baute,Latin (Origen: pop latino),Canción,Cuando tú no estás,2010,0FtF3FgWTJRCPfQczvXTTw,3uJvUZtp7RsrynInx3q3RZ,17
Katherine Plump,Latin (Origen: pop latino),Canción,Las Flores,2010,4Syzs40dOrUsPy0ctNeaJ1,2oaNDzOfn3nUlGL1I4Q8xM,30
Julieta Venegas,Latin (Origen: pop latino),Canción,Otra Cosa,2010,6hPm02cJEGHhPnq0OL8Mja,7rrYlu3nL2ZfW7RR9tSDMO,30
Anna Carina,Latin (Origen: pop latino),Canción,Cielo sin luz,2010,2jV2SxvvdfaySG2ee5Yf2y,29fqb5h7bxJLbooxymuONh,16
Juanes,Latin (Origen: pop latino),Canción,Nada Valgo Sin Tu Amor,2010,64Woan07VxDc3jTtrv2Vx5,0xkmSEWd3mwqJL97YkoaXF,12
Difuntos Correa,Latin (Origen: pop latino),Canción,El Tiempo En Las Bastillas,2010,4kdMRXEPC0f5zMvxhD7gNY,4q2WVmz8CoYsHFKdrmrfq3,46
Cristian Castro,Latin (Origen: pop latino),Canción,Mi Niña,2010,0Lj4dNX0SYwRKpp5j9ApOJ,5s1szSS0a2V9biUld0YdNK,32
Julieta Venegas,Latin (Origen: pop latino),Canción,Duda,2010,72W71rgDznXl8ChpK4dbR7,7rrYlu3nL2ZfW7RR9tSDMO,28
Chayanne,Latin (Origen: pop latino),Canción,Besos En La Boca (Beijar Na Boca),2010,62f9Gum7v5zVfAalyHHXNJ,2Z1OKCVyqJ1lMHTU612E07,31
Joe Cuba,Latin (Origen: pop latino),Canción,Do You Feel It - Remix,2010,35ootwCWYWgXGZvMEHD5Yo,6ASbD8V7a0YZpvlnbnkMh6,23
Ariana Grande,Latin (Origen: pop),Canción,Popular,2024,3i8fIJNV0yuC4kXT3SkVBZ,3JUrJP460nFIqwjxM19slT,78
Falling In Reverse,Latin (Origen: pop),Canción,Popular Monster,2024,4myFsmx2v6znDOJfn3IkbD,2knEuvsxqHMAoxlQpIdpQD,74
Siloé,Latin (Origen: pop),Canción,Reza por Mi,2024,1Ye4x0Nfob10Liwl4FnlUc,5hQTs3KdLxOizj5QtQAp43,58
Fuerza Regida,Latin (Origen: pop),Canción,COQUETA,2024,1PREzVLuDT6PSE9sej4wnV,5utxE1ImIDJFXRHf137hoy,88
Dua Lipa,Latin (Origen: pop),Canción,Houdini,2024,6D8y7Bck8h11byRY88Pt2z,1Mo92916G2mmG7ajpmSVrc,82
Dani Fernández,Latin (Origen: pop),Canción,Todo cambia,2024,3DJJt0SVDtnqTVgfAWbvjG,4cAjvCWbcfaDhuiJxew1Sw,62
Luis Cortés,Latin (Origen: pop),Canción,"Sin Ti, Sin Mí",2024,3CoEhB6cXUK1dUYhRD5sYr,5NnzNB0AxlbovCJyxF85jg,60
Chappell Roan,Latin (Origen: pop),Canción,"Good Luck, Babe!",2024,0WbMK4wrZ1wFSty9F7FCgu,1WAjjRMfZjEXtB0lQrAw6Q,90
Antoñito Molina,Latin (Origen: pop),Canción,Me Prometo,2024,6ERLCmirzUaVP9pYvr97VE,7xJ5loHiBl8Owv8Sdpcdpy,62
Gracie Abrams,Latin (Origen: pop),Canción,That’s So True,2024,7ne4VBA60CxGM75vw0EYad,0hBRqPYPXhr1RkTDG3n4Mk,91
Dani Fernández,Latin (Origen: pop),Canción,Me has invitado a bailar,2024,0JJw1ghkoEu3Yat1uOSjAE,2dtz3wrC1FrShzjLEy6xDp,60
Dani Martín,Latin (Origen: pop),Canción,El Último Día de Nuestras Vidas,2024,7FsLgY5IhQ1odCY8NAJBfF,4z0e3892fwI3YfdHL2k5BQ,61
ROSÉ,Latin (Origen: pop),Canción,APT.,2024,5vNRhkKd0yEAg8suGBpjeY,2IYQwwgxgOIn7t3iF6ufFD,89
Dua Lipa,Latin (Origen: pop),Canción,Training Season,2024,5b5cPscqVEMChvDqscVw26,1Mo92916G2mmG7ajpmSVrc,82
Luis Cortés,Latin (Origen: pop),Canción,ME DUELE QUERERTE,2024,2qKSmJppHxdzidqeVSvHJk,2ZNRulppaPeTOfNRbaRmWc,63
Marta Santos,Latin (Origen: pop),Canción,Contigo,2024,5Txf0ApheFvyRr1s4DxMb5,3f9adgFbEoT4p73iJTP41t,61
Pepe y Vizio,Latin (Origen: pop),Canción,Qué Bonita Eres,2024,7bcRUeQ13L0gIWJyxNwUCR,7iOg5DBcyEJUPSBF9ItIqc,59
iñigo quintero,Latin (Origen: pop),Canción,El Tiempo Que Paso Contigo,2024,48ikKqBYGbNApD8bEJCamc,3HUdg4OZNjJAlgYRxrg31A,65
Shakira,Latin (Origen: pop),Canción,Soltera,2024,3OJDtCdYs8QJnui708tEU3,0VRb8B2ls0GDEfmKiL8FWJ,80
Luis Cortés,Latin (Origen: pop),Canción,AL ALBA,2024,48gfUjITHQLHuRnnNVNUzJ,2ZNRulppaPeTOfNRbaRmWc,63
Camilo,Latin (Origen: pop),Canción,Una Vida Pasada,2024,2mLTxNa0bwZX8eNBsuODLX,1IwCEfVYg8KlEankYmqeP7,78
Carlos Ares,Latin (Origen: pop),Canción,Peregrino,2024,1TsBj3J4sVPO5KeydxbhD1,0SeDqeZyGYdkNPXChFJ8xJ,64
Aitana,Latin (Origen: pop),Canción,Akureyri,2024,5ELjObPQmX3gG06NukBFzr,4y9gHmuFooWHYOnDmSXcjN,68
Billie Eilish,Latin (Origen: pop),Canción,BIRDS OF A FEATHER,2024,6dOtVTDdiauQNBQEDOtlAB,7aJuG4TFXa2hmE4z1yxc3n,95
Luck Ra,Latin (Origen: pop),Canción,La Morocha,2024,6vRQqxOhUFd78p5tL8jXr7,3X0T1blaMiY2aev0wrbK1G,72
AKRIILA,Latin (Origen: latin pop),Canción,POPPER!,2024,41P9Z83VHtkpVYfpmDlkAA,3x6Ske6l38f2tclsOBywWv,53
Alleh,Latin (Origen: latin pop),Canción,el ingeniero,2024,3Qu8oa0nqMwRNWt0Tdzkpo,18Fki3SqVPkAlPosQoQe5L,30
Julieta Venegas,Latin (Origen: latin pop),Canción,A Donde Va El Viento,2024,56fgrIPr54E85K98kmgqwy,3qij28yM7ARubnZJrSqmpa,68
Camilo,Latin (Origen: latin pop),Canción,Una Vida Pasada,2024,7y91nQBMhyeHWTn9wVvhKl,3hc06uuIEsjOu8CwOumEbd,68
Luck Ra,Latin (Origen: latin pop),Canción,HOLA PERDIDA,2024,10eRgZUM59q2G5ogpztSeL,1CoW3JLanCH9BjdttRNjIl,63
Sevdaliza,Latin (Origen: latin pop),Canción,Alibi (with Pabllo Vittar & Yseult),2024,5496lks6V3fh1mZAB6IAap,2m0euKZUDcoyEXHIS5MFCq,77
Bad Gyal,Latin (Origen: latin pop),Canción,Pop Pop,2024,3lt11YYMKgELxR0aTxSLnO,14IBdTrbCCeHRZgTATdgRd,43
Darell,Latin (Origen: latin pop),Canción,Lollipop - Remix,2024,1S2WWT5jW9J3MauQ7r7qN4,7n9GeVtUUEc619yiyhT9AR,58
Victor Valverde,Latin (Origen: latin pop),Canción,El Mayor de los Ranas,2024,5E3T0hZ77NXXUtXJocRIOc,6Q3K1pFpo5jX2AYrWs9q4h,78
Rvfv,Latin (Origen: latin pop),Canción,RUEDA,2024,5QNuLdEi6dQt0Rr9jmI2SD,4ASAFxOzKAivUFqMoLoI5t,53
Emilia,Latin (Origen: latin pop),Canción,La_Playlist.mpeg,2024,0Cs2ANiGsCOQLKnCrNJ6hA,4hrs3KFCvbn6OWadD2qio4,62
Greeicy,Latin (Origen: latin pop),Canción,A Veces A Besos,2024,6AQgrZrFu1xfuAmbyXmKAE,63JayllHAHJ5N3auAorY2w,66
Shakira,Latin (Origen: latin pop),Canción,Puntería,2024,2dYXrWkNO40NXy2Q3IYLRc,3fonA82Hl7huJiQCwKkzGA,63
TINI,Latin (Origen: latin pop),Canción,el cielo,2024,2otAnGaeFFFeIDV8nbu5uA,4B4pbYnJhKVPT2wuuwp0Pk,67
Luis R Conriquez,Latin (Origen: latin pop),Canción,Si No Quieres No,2024,1C84d9abZVKWHT2YYpoean,6WkOBnYkj6y5iSr14uhUZF,79
Emilia,Latin (Origen: latin pop),Canción,noviogangsta <3,2024,7yrTny7FLWLbfIzsxoicWj,0qLXwwUPYR7o3ZcVQFdKlQ,63
TINI,Latin (Origen: latin pop),Canción,posta,2024,60Mgo3LnlAMy7TzhvVZUHA,3wOG84RkmoSoeN3LKkxXga,55
Kany García,Latin (Origen: latin pop),Canción,De Bien a Mal,2024,2TweCNUiC4VVceGtQ5LuTc,1nwWnsVZSWIpMebokmGwdo,65
Manuel Turizo,Latin (Origen: latin pop),Canción,A Nombre Tuyo,2024,3fHOgRvHga05gjeFOzFjSR,3w4tn0BuFHNjiqGMevGaz9,59
Nicky Jam,Latin (Origen: latin pop),Canción,CALOR,2024,5g54T6doN39ejttzpz0uq1,0leCm7DasgqP70lhOVeXyU,74
Luck Ra,Latin (Origen: latin pop),Canción,HOLA PERDIDA REMIX,2024,2FqTbwiogEVvZnkarPf5BV,5s4gYQChmlp8YwoNj3Vwi2,63
Luck Ra,Latin (Origen: latin pop),Canción,QUE ME FALTE TODO,2024,1TyBUtMxdmRfXhW3MmbxtQ,3X0T1blaMiY2aev0wrbK1G,68
Joana Santos,Latin (Origen: latin pop),Canción,LA RIZOS - Respuesta (Dime si le comento a la luna),2024,0gv7ZRP9NhCxL4x9Vl76GJ,2mhXw9LJW77WyJqmnPPoTq,50
Greeicy,Latin (Origen: latin pop),Canción,A Veces A Besos - Remix,2024,5s6wqK03tr6rzkT9qMFB1D,6GQ6dTqETHVhICdGUoFbjf,68
Aitana,Latin (Origen: latin pop),Canción,4TO 23,2024,6zB8TVWUZpQ2UWRxFT1BrI,7HQRMSvgVrlVCxM4k0XdXg,59
Abraham Mateo,Latin (Origen: latin pop),Canción,Tienes Que Saber,2024,2Y9xXXMWqETUfonJjXP25k,5J1PllZ3mFwWYDm7xp8vo5,52
Abraham Mateo,Latin (Origen: latin pop),Canción,HOY TENGO GANAS DE TI,2024,27AycGPhBPGCc6YnTZTaSh,4y5leWM7OukafuPcBHrvtx,50
Manuel Turizo,Latin (Origen: latin pop),Canción,Sigueme Besando Asi,2024,5Pe01pJteufOjmf7KZeFJB,5MPSuZogYylwnlEZLNN12f,62
C Marí,Latin (Origen: latin pop),Canción,Contacto,2024,7omr30ct5eLmTVhYwLtuM8,4PHBAC9jNy6iySQlT5Aqfp,52
Enrique Iglesias,Latin (Origen: latin pop),Canción,ASI ES LA VIDA,2024,33ggWc1Nai6fcNb2qM4lJ7,5LHd4piJoHcz4CXhjsFKxx,59
Abraham Mateo,Latin (Origen: latin pop),Canción,Maníaca,2024,2i2vRYY1K2t5vQjXRop7tE,2zwuaAuKxwrYX0MXSJQQmB,56
Oscar Maydon,Latin (Origen: latin pop),Canción,Tu Boda,2024,1cOboCuWYI2osTOfolMRS6,60cQzWfmdg4hyDXrpW6kOA,83
Abraham Mateo,Latin (Origen: latin pop),Canción,Bailarina,2024,3MTzCXM4r6yTOLhiuIaRfh,2zwuaAuKxwrYX0MXSJQQmB,58
Antonio José,Latin (Origen: latin pop),Canción,Ya Se Me Olvidó,2024,4lWPOnjb7hY4FJkgMWgz99,1d0qMWwdd29xFsvbZtKBQM,52
Luck Ra,Latin (Origen: latin pop),Canción,Ya No Vuelvas (Versión Cuarteto),2024,0u6JsFiEEXb6kaF0oqyeFi,3X0T1blaMiY2aev0wrbK1G,69
Ana Mena,Latin (Origen: latin pop),Canción,La Razón,2024,3CmSv76KDKsvtiyrdgHZHH,1BfH1Sen3V361yL4Yck3Rg,54
Omar Montes,Latin (Origen: latin pop),Canción,EL PANTALON - RUMBAS,2024,7CsOowK8aWlxgjuZLW7pXA,4hzbSxExXzavyIJGmqQb5q,54
Peso Pluma,Latin (Origen: latin pop),Canción,HOLLYWOOD,2024,5GTBdEjZe7zEDp1N0eCZE4,5kvw1bAOvzJdNi4hdgfaNf,82
Fuerza Regida,Latin (Origen: latin pop),Canción,ME JALO,2024,3D24ErT1MMmUfXWotSj2A2,5utxE1ImIDJFXRHf137hoy,85
Camilo,Latin (Origen: latin pop),Canción,PLIS,2024,2uei5EK0iBwbjEKwoX6j5p,1IwCEfVYg8KlEankYmqeP7,64
Manuel Turizo,Latin (Origen: latin pop),Canción,Sigueme Besando Asi,2024,6e0EEqNDhwPcP8yl2BZ8tA,3w4tn0BuFHNjiqGMevGaz9,63
Love of Lesbian,Latin (Origen: latin pop),Canción,La hermandad,2024,0Zso6LrlkwBbd5Lm7PLLsS,6TvFlWWEE9wRbWnFOYOoKp,57
Tiago PZK,Latin (Origen: latin pop),Canción,Piel,2024,6kPCcIAGoTeRrh8qrmKa90,3s6jmSUxBLRxzKdevnFmJS,75
C Marí,Latin (Origen: latin pop),Canción,Contacto,2024,3AviWzZuvrGnfyLowzwCAJ,3qd6CT0MAlcuLUcoCLdIKO,59
Luck Ra,Latin (Origen: latin pop),Canción,HOLA PERDIDA,2024,7JKptWv4YXmievid0HajID,3X0T1blaMiY2aev0wrbK1G,70
Abraham Mateo,Latin (Origen: latin pop),Canción,Quiero Decirte,2024,4Oc1qHsjM4kM0AARvlwSs3,2zwuaAuKxwrYX0MXSJQQmB,71
Camilo,Latin (Origen: latin pop),Canción,La Boda,2024,4vj6sWvmBLMhoF8AWQSeHX,1IwCEfVYg8KlEankYmqeP7,62
Shakira,Latin (Origen: latin pop),Canción,Última,2024,3FEIMzqeq5EXqaMi3mHP6L,3fonA82Hl7huJiQCwKkzGA,66
Carín León,Latin (Origen: latin pop),Canción,Ese Vato No Te Queda,2024,4Ndjd6DhKIC5IPoBIrMQuX,4Z9Ib007Z7ZFmYLfyp2qH9,78
Luck Ra,Latin (Origen: latin pop),Canción,UN SIGLO SIN TI,2024,2AFC9ad4nGauS1cgm7FCqU,4SoT5hvuP9LLXZM2QuV2Pz,59
Camilo,Latin (Origen: latin pop),Canción,No Se Vale,2024,6rrcRnAauncgbCZR6uYVNI,1IwCEfVYg8KlEankYmqeP7,59
Shakira,Latin (Origen: latin pop),Canción,Copa Vacía,2024,3KV9n8QMepWCXI3TkWKeZy,3fonA82Hl7huJiQCwKkzGA,61
Fuerza Regida,Latin (Origen: latin pop),Canción,NEL,2024,5AH31dDNgxCMGDdxubNNn4,3iRQdNKyI5Pf78jWYI1tFv,79
Bizarrap,Latin (Origen: latin pop),Canción,"Natanael Cano: Bzrp Music Sessions, Vol. 59/66",2024,2DbV9TSdeGr5FobCFDRzvq,2QIjTJqytJ9ksvoS1jpM90,69
Anitta,Latin (Origen: latin pop),Canción,Meme,2024,45AvnKRK8dEaXjee8SATON,6z6VObudfoxrvGNC5MtiTY,49
Peso Pluma,Latin (Origen: latin pop),Canción,HOLLYWOOD,2024,7j5DZTwgUTbBS39DZucDz9,1H5tGxcOwhQwwIinTKSoGv,77
Mengui y Carmelo,Latin (Origen: latin pop),Canción,Corazón de Acero,2024,0ZYFlpLJbN6lRBmIeazNMJ,14Q25f55YtzaZOhuZgriTK,43
ELENA ROSE,Latin (Origen: latin pop),Canción,Pa’ Qué Volviste?,2024,0CgLpsgOmE0h1M7ILiwAnV,4XaqqBH97CiSaqizhTViur,67
LAGOS,Latin (Origen: latin pop),Canción,Quisiera Ser Como Tú,2024,5Ik9AlzPoV7NPUnOczG58f,7bhy6RPPMvCNgn2XAYRWbJ,44
Yami Safdie,Latin (Origen: latin pop),Canción,En Otra Vida - Versión Cuarteto,2024,1K11lq4qn0DdPfljQcHkNE,5iMYvZp2PQDHiC1s3P4rRA,66
David Bisbal,Latin (Origen: latin pop),Canción,Ahora,2024,7pVitP3DTRfjOaL1xhuDFl,3hq6g14B0rYvxzpmGZJIWn,53
Tiago PZK,Latin (Origen: latin pop),Canción,Piel,2024,4wS0TnQzVkY9ML1BPKpOk1,4HB0tHV2edhM1QJXFYeKLy,69
Camilo,Latin (Origen: latin pop),Canción,Una Vida Pasada,2024,4i2Uelkm3Fy2CSE63s4hSz,7A8rw0lgipeVikEBtqNAgt,57
Shakira,Latin (Origen: latin pop),Canción,Cohete,2024,5JKk6Gh5CLlwpbPz48eWtB,3fonA82Hl7huJiQCwKkzGA,59
Kany García,Latin (Origen: latin pop),Canción,García,2024,03Rj7wKcBWBT444nqDRVHa,1nwWnsVZSWIpMebokmGwdo,64
La K'onga,Latin (Origen: latin pop),Canción,Fama de Diabla,2024,4Pl9kwSv46QMwk4MtTttBd,5uNqPD84blDNKuRxdDwnF1,58
Q' Lokura,Latin (Origen: latin pop),Canción,Mil Preguntas,2024,42mrOMjkQb7jRKatu0bqg4,5BI7zRrLecwdHFZ3qzDYNR,67
Max Carra,Latin (Origen: latin pop),Canción,UWAIE - versión cumbia,2024,6UO9DhCUq4ZbQz7PXwelFV,6moCUeXsvkwxc97b3OEyPb,73
Omar Montes,Latin (Origen: latin pop),Canción,EL PANTALON - RUMBAS,2024,5tt2V5NfowSz690MCLBlKO,0TtfzOFvZu1xudp1Of4uRa,48
TINI,Latin (Origen: latin pop),Canción,pa,2024,490e7PHsxkzMot8qCO36Bt,3wOG84RkmoSoeN3LKkxXga,62
TINI,Latin (Origen: latin pop),Canción,buenos aires,2024,3eNenN5eoBwMRNPkmoyk81,3wOG84RkmoSoeN3LKkxXga,61
La T y La M,Latin (Origen: latin pop),Canción,Amor de Vago,2024,5MKbWaXeSQSmzmo7gPQha1,7dIwIFhUC8xNF0bICvgMX2,76
India Martinez,Latin (Origen: latin pop),Canción,LAS BURBUJAS DEL JACUZZI,2024,1u7m5t7YwN5neo0RtL3oRB,5XrAHXh8BA2Ncvltge5YPk,49
Rasel,Latin (Origen: latin pop),Canción,A 200,2024,5SZSKqau8KDBSMraCFrSlb,4Iq4UstrA1WG5Oh1zRhc3S,47
Peso Pluma,Latin (Origen: latin pop),Canción,LA PATRULLA,2024,2aYZaN5SmkRDLsrrV8GkBQ,5kvw1bAOvzJdNi4hdgfaNf,78
Kany García,Latin (Origen: latin pop),Canción,En Esta Boca,2024,18nR6OK2Kj0CxRcaWbpOF6,1nwWnsVZSWIpMebokmGwdo,61
Calle 24,Latin (Origen: latin pop),Canción,SUIZA,2024,7585wxMp2e3IhBq3tJAXgw,44U3Xm9U4Krj0Iv5w7kuTK,85
Enrique Iglesias,Latin (Origen: latin pop),Canción,Fría,2024,5IL8eu4W9JD38Jtr5YcPAL,77OtfyQRt7k1nPFa9FqqlJ,53
Wow Popy,Latin (Origen: latin pop),Canción,Corazón Partío,2024,2LPDdnXn13fw5JmIemG4VE,5zFpjiEauzmd0quSZxEXpy,59
Tito Double P,Latin (Origen: latin pop),Canción,DOS DÍAS,2024,5lKFO0PrOC9jmOlPEdjHsL,27GWSFRITD8JJcSGMgEfTN,84
Polo Nandez,Latin (Origen: latin pop),Canción,Parte De Mí,2024,0yShNauX3uOCXWky2bd1La,0hQevd12uxG9XAB6s6Nxbd,46
Camilo,Latin (Origen: latin pop),Canción,Autodiagnóstico,2024,0UiVWrn3x2X1fdsiYInybG,1IwCEfVYg8KlEankYmqeP7,62
Alejandro Sanz,Latin (Origen: latin pop),Canción,Palmeras en el jardín,2024,5MMEQLCzl9GsknyH42xFOX,0Y5U0InXzziIx7YlinkuVX,57
Beéle,Latin (Origen: latin pop),Canción,Low Key (feat. Humby),2024,4PfR2vNZ3ig9OCyZmWsQL2,4YyfHeYsrbjUUWS60MwANl,62
Manuel Turizo,Latin (Origen: latin pop),Canción,Enhorabuena,2024,6Js2Fy0gdSAkpD780TYJGu,1p2JgxJxYfju0cSvAnfuPo,57
Q2,Latin (Origen: latin pop),Canción,Desconecta2,2024,1k23Yu3auWrZrDVPFjFO45,7zOiTffq8JfEMQhAh8Wbcc,49
Paulo Londra,Latin (Origen: latin pop),Canción,Princesa,2024,1db75lVrSgDFZI1gZh8JlV,7rd2Pb6dBQvrzgbJU3ihpC,64
Enol,Latin (Origen: latin pop),Canción,UNA VENTANA,2024,2SZoneisYENIzGStKYQdZA,1GXaqoSw6PDqRuXDAZ3VnF,49
Enrique Iglesias,Latin (Origen: latin pop),Canción,Espacio en Tu Corazón - Remix,2024,7umNc6U2AVcL0RwQIi7xZG,0QbMnLTWFzzs9qiyUJ4Eco,54
Manuel Turizo,Latin (Origen: latin pop),Canción,Enhorabuena,2024,3Jwlbr7aq7cVnsdAbb2WxL,3w4tn0BuFHNjiqGMevGaz9,52
Valentino Merlo,Latin (Origen: latin pop),Canción,Hoy,2024,0SoBfYjQHvL6cuWHtPUYnq,4ENi7P1IV01E2jzbHZeKxn,71
Fuerza Regida,Latin (Origen: latin pop),Canción,TÚ NAME,2024,3FqUPvubYeRCMsdJ02QyZR,5WPTc1Xa8REVDQ5YazhNgv,81
Cano,Latin (Origen: latin pop),Canción,Bailaron Pegaos,2024,1dwW4qaqoBhjyzFYHRNixL,47wk0lhqRt1MWuCxPfctcc,50
Javi Medina,Latin (Origen: latin pop),Canción,Me la Llevo - Karlo & LE LUMME Remix,2024,5oEBWNjYndncQZ2X4jjbtz,1wBNzu6COH889w9puIZ5wB,52
Beéle,Latin (Origen: latin pop),Canción,Me Arriesgo Contigo,2024,0O4ZJKR2QDLGrBZYuIgdtI,2XaPovSW5BcxOnwRq6wdET,66
Julieta Venegas,Latin (Origen: latin pop),Canción,A Donde Va El Viento (Canción de la Serie Original de Prime),2024,3IQulMlnptSOhfblnvFuvN,04tuXr19nHC8iXMBnoh74M,70
Manuel Carrasco,Latin (Origen: spanish pop),Canción,"Ayer Noche - Directo Estadio Santiago Bernabéu, Madrid",2024,4jLOxgCABpnU5ROLJ0AkbZ,2188q2MFlckNgsQK0KQwqN,26
Pirris Sosa,Latin (Origen: spanish pop),Canción,SI TU NO ESTAS,2024,2vd8zIhIJht6XYC3iK79ru,2cPK4CayzI9tpS5gCKbzbE,19
Pirris Sosa,Latin (Origen: spanish pop),Canción,VIENES Y TE VAS,2024,2xh1b54Hnnt6atBYZq2kqE,5Rp4ZJ6yTcoiAL6m1WtSjP,19
Cepeda,Latin (Origen: spanish pop),Canción,Esquini Love,2024,20iCSURT8vFBEJ4XJbBKC1,3cqYadJNDTRhvcsFbtv4l0,20
Russian Red,Latin (Origen: spanish pop),Canción,No entiendo nada,2024,2Hny647k6Teu6tlpQWo0C8,0c4TGo1jAFT77U7GhsK2T4,24
Pirris Sosa,Latin (Origen: spanish pop),Canción,SI ALGUN DIA TU TE VAS,2024,2f0bvIqYYrOFxsOOm2sSYG,2Km4hdqYcw2KcqjlymXXfB,15
Kevz,Latin (Origen: spanish pop),Canción,Love in the dark - Spanish Version,2024,3H84esxp7y3VInl6ZfzBj3,6iqrYwfQkLAyVpRLDZ97pX,34
Sobrezero,Latin (Origen: spanish pop),Canción,Big bang,2024,2K0LLV5dYFNLVcTowAeWqA,7C8fd5io1uFe0NCD6jbh2C,19
Angelina Mango,Latin (Origen: spanish pop),Canción,melodrama - spanish version,2024,58VNLfh2s8c0hIIyt6pSju,6ZnPYFp4Kdbq0tktEyiNUZ,26
NMIXX,Latin (Origen: spanish pop),Canción,Soñar (Spanish Ver.),2024,1zorrN2yCPchfTwDJ18afH,21xLl5kT7vG7UfuZ4G1G0T,42
Enrique Iglesias,Latin (Origen: spanish pop),Canción,Fría - French Remix,2024,0iTVdlRhA4TT9pLKjEmjsD,3amOCLytIzLu6aK7vN3GSi,31
Zulia,Latin (Origen: spanish pop),Canción,Un Blues,2024,3i30CC0zXPfhgPuLaMuCDr,3HuclJOLEv3snXerJ9JIZJ,34
Fangoria,Latin (Origen: spanish pop),Canción,Llorando por ti - ATL,2024,3YQ1N9FQ4TNn9YHCXZ3FPn,6c5xxJwOD1pRvtKu4Ndjce,18
Supersubmarina,Latin (Origen: spanish pop),Canción,Chas! Y Aparezco A Tu Lado - Maqueta,2024,6mw9QzGNq9TFDD4ldrD1eU,3hMVgGqHueiV0giNzLrXEL,19
Carmesí,Latin (Origen: spanish pop),Canción,Tan Fácil,2024,1PxeMHWWI3TkZA6uepyz1C,7p2gIXz7NmCB9uvHvb3Mu7,21
Spanish Flow,Latin (Origen: spanish pop),Canción,At Last,2024,5uRckzrjONMLGm89hvfRIv,47D2VQ0ECMRckoUsENw6gV,26
Kevz,Latin (Origen: spanish pop),Canción,En Cambio No,2024,29mRBOuFFjP0wiQihVIBSW,6KXJCDvvheo5J0MwjLoZtw,38
Selena Gomez,Latin (Origen: spanish pop),Canción,Mi Camino,2024,1FwOa47jQ5Rxhjue9Dmgdn,5opMABKtxt1fp2XUzWHFWm,45
Pirris Sosa,Latin (Origen: spanish pop),Canción,DESDE PEQUEÑO UN VAGABUNDO,2024,467IZ65aUt4UkNMCiSvPPv,2u3EbNwdQYRknGGZXaxQcm,23
Camila,Latin (Origen: spanish pop),Canción,Supernova,2024,4iDH8rnxTQATr1WS1zhVZT,4LMUMQt5TC9rXcXLaQoFNb,32
RKOV,Latin (Origen: spanish pop),Canción,Tattoo - Spanish Version,2024,6DIHSRjCCZDsFXoQboUvk7,3BJ9XJbKInAjalieTBjPwY,32
vangoura,Latin (Origen: spanish pop),Canción,duende,2024,3atcvKDwLzJqW5x2m89tiP,6okCd7VpD269wjGPHAmk1x,8
Biznaga,Latin (Origen: spanish pop),Canción,Ocupar el AHORA,2024,73o9fgkWPHweowJgtAuJeB,7qTh2Y4oDIPp3tG5GZubUj,23
Kendall Peña,Latin (Origen: spanish pop),Canción,vacío emocional,2024,4qV9BSxwVPxcHfiapEFSGn,1BGzSmWjii6WaPqIfp6WWY,32
Supersubmarina,Latin (Origen: spanish pop),Canción,Niebla - Maqueta,2024,6uC0MciobWWVfIBBSi3Czu,3hMVgGqHueiV0giNzLrXEL,24
Spanish Flow,Latin (Origen: spanish pop),Canción,Michelle,2024,6JppAj8zS8pv8DFHHDuB7E,47D2VQ0ECMRckoUsENw6gV,16
Caloncho,Latin (Origen: spanish pop),Canción,Popango,2024,7CLpApL1W6zZXZG9fnB2d8,50cYslOkS29OQ2HMCdeVv5,25
Biznaga,Latin (Origen: spanish pop),Canción,Lorazepam y plataformas,2024,4HAAjPT7UyZ6dyxGm53McL,7qTh2Y4oDIPp3tG5GZubUj,24
The Mamas & The Papas,Latin (Origen: spanish pop),Canción,"Spanish Harlem - Live at the Monterey International Pop Festival, Sunday, June 18, 1967",2024,1LQKNWuEEpjXKSqYxvxNQt,4ikpbvcM1xxmFFOgElD6iy,17
Biznaga,Latin (Origen: spanish pop),Canción,Agenda 2030,2024,4QdrAxnlH6PUMCwOLy8mBl,7qTh2Y4oDIPp3tG5GZubUj,25
Miki Martz,Latin (Origen: spanish pop),Canción,Accidentally In Love - Spanish Version,2024,2Wsv3THRTl1JtqwSqny8z1,1gHdFxVPrWcf0C9fuggRNT,34
Laura Maré,Latin (Origen: spanish pop),Canción,María,2024,2VYQ0U5ZPQPCxnsNEYgNaT,1CSgdHYRD3LnNxEGtxAZmU,42
Biznaga,Latin (Origen: spanish pop),Canción,Réquiem por un rider,2024,5nI2wCRUcR6nOb9DMvGqUq,7qTh2Y4oDIPp3tG5GZubUj,25
Shakira,Latin (Origen: spanish pop),Canción,Puntería,2024,6pW82dtuBNNpI1ytFasNgr,5TFRrSuyYMoRsVb4MA8dUp,44
Baya Baye MGT Los Sosis,Latin (Origen: spanish pop),Canción,Barretina,2024,6NM8xjd9MeQEm2R9esWHqz,5gbKK3Gw3YB6uasvZV5Y4R,30
Aiko el grupo,Latin (Origen: spanish pop),Canción,A la Mierda,2024,4LQXK92qiThKntANgxd9Yz,1u0KpgKOxJZY5wVrfbveOB,29
The Marías,Latin (Origen: spanish pop),Canción,No One Noticed (Extended Spanish),2024,2kn0fLwt9QRorHuGdmk6ze,6FkCugnh8o4VjxMMw4xlRC,82
Yarea,Latin (Origen: spanish pop),Canción,Espina,2024,1EAITqCRVQxmwxjhZ8LOsh,6LfnEvb70qUCNej8pjSThO,28
Niños Bravos,Latin (Origen: spanish pop),Canción,T E R A P I A,2024,3IDMCQj3EDLoyjjmLqJxJz,11J7w3MMGnLPcb7M3vFzps,28
Mikel Izal,Latin (Origen: spanish pop),Canción,El miedo #2,2024,2SKhPVPjyweo9F5NbcFqs7,5I17ovyIglOTbKwXWoTRfa,29
Camellos,Latin (Origen: spanish pop),Canción,Candorro,2024,1F4OmcZRmysYca1EdDcfX2,685s6uSmWk9jlIA4FGAPox,35
Pirris Sosa,Latin (Origen: spanish pop),Canción,ME ESCAPO,2024,1xsdPrpfVi8UW2CkKGBvJL,33ng65LUXOY8X2JjYUjBF0,31
Aiko el grupo,Latin (Origen: spanish pop),Canción,No te has enterado,2024,1171jKb0kaE5oFFLT2KhLQ,3kINWHNCGlbYI56ZaRX8OY,32
Axolotes Mexicanos,Latin (Origen: spanish pop),Canción,ROSAS y ESPINAS,2024,6HpGzfX7PR88GeCZPnOm5l,2haqxYKeT3Cvi1sfqvsd5K,33
Diego Torres,Latin (Origen: spanish pop),Canción,Kapun,2024,0Ga0XkazLanxpcBHHJYTqM,5Eotsaakg0bfG9AM9UROwW,48
Camellos,Latin (Origen: spanish pop),Canción,Combustión,2024,3unCBn3Miw0hCqdHtVdBbj,685s6uSmWk9jlIA4FGAPox,30
Love of Lesbian,Latin (Origen: spanish pop),Canción,La hermandad,2024,67Pr9voSdTnhsOcuS2QUhK,018VlQZiTBjAmSVSHNLWT0,44
Paula Becker,Latin (Origen: spanish pop),Canción,Haberte Conocido,2024,70mz5p8FYCrtQZV5hPFD18,6iVOMvFqDg9TrpHzaomlTQ,31
Morat,Latin (Origen: spanish pop),Canción,"Perderme - Banda Sonora Original de la serie ""Zorro""",2024,0SHqDTGrpphogv8ndojWJn,2oCw93hrfvLEG45TJQT9oY,46
Morat,Latin (Origen: spanish pop),Canción,Antes De Los 30 - En Sueño Desde Madrid,2024,4igZX8SIbQbLDl0UxZWQpr,4nJb7FuX4QpOSn5APWMWfX,48
Los Punsetes,Latin (Origen: spanish pop),Canción,Tu Puto Grupo,2024,2Jilw03fQizCqVvqITIBnl,0E6yLyVWpKWjlIdOtxrMrj,21
EMEKA,Latin (Origen: spanish pop),Canción,Por Qué No?,2024,46ddhndx7QCJni93c6oYZN,30BOofDPCVpoM6hUJssXw1,12
KIRAZ,Latin (Origen: spanish pop),Canción,Kora,2024,0MTPkFRRpePdSGa3eW6xZ6,1IQxAPJDEof41ZyZVt98XQ,11
Bigpoppa,Latin (Origen: spanish pop),Canción,Darte antes de morir - No guidance remix spanish version,2024,0oQI3SzuXjjzVVVlM7kVlX,7rHG7YSVPYf39BQFJc15TW,14
Chick Flick,Latin (Origen: spanish pop),Canción,Spanish Spring,2024,6K2T5y2q8lp5SETtFjcgEK,5NVSApEBIMcL5Gxa1dIv7l,1
Fernando Rey,Latin (Origen: spanish pop),Canción,Spanish Girl ( Merengue ),2024,3FNQtxNkeNZtsaDzRj5P9Q,5AKlfBxi1OSYhhnUFqJxgO,1
Spanish With Liz,Latin (Origen: spanish pop),Canción,Burbujea Pop,2024,34sLAJ1yZ76mcHDnU1j0gn,6RNEo1O3yjoEPRTTpfTqyN,28
Alex Guillén,Latin (Origen: spanish pop),Canción,Los Mejores Años,2024,1MGWvTS8R8aPFPE44mD2ET,3WGOxiiaJTXksDMFhmAQqs,24
2 minutos,Latin (Origen: spanish pop),Canción,Demasiado Tarde,2024,5RZ3LvvtURNhcvIMOgzh8O,2UztntJETH29yOxVrs6RfM,25
Abraham Garrido,Latin (Origen: spanish pop),Canción,Don´t Copy My Flow,2024,51TXmxe6l1r1QRFJtdtpT2,7c3zp7n4b6hQTHUAVdt8we,19
Blnko,Latin (Origen: spanish pop),Canción,Intro de Tony Hawk,2024,44BHmfxVA6CxOCNeDHFIid,1N3prt5b677w6dCe9uaRzP,32
Party Tyme,Latin (Origen: spanish pop),Canción,SI No Quieres No (vocal),2024,6XRrH10AhWP7kwoCH6buQ4,268bgkofadxsR4nSoURayN,5
Champ Jr.,Latin (Origen: spanish pop),Canción,Amanecer,2024,2xk7BUKOx2ccWjMlma3XK3,5vM3oTQ1BqMd01csUwoe7x,33
Barney Gombo,Latin (Origen: spanish pop),Canción,LOS AMIGOS DE TU EX,2024,4oX0TqBQPXiC56ToCKFzah,1G5fsy4ruNR4zmwfwd5gWJ,30
Riley!,Latin (Origen: spanish pop),Canción,[cries in spanish],2024,6QQxRL4fFyKyXjyCmvCCJ7,2N2nVXYiltFdU8NL0ACh7T,34
Lugeer,Latin (Origen: spanish pop),Canción,Cocinar para Mí,2024,6J4lOVmDwv7GgeHyKK9x3N,5bd1z5dsx4qd5hont2ljhT,6
Abraham Garrido,Latin (Origen: spanish pop),Canción,TE QUIERO MAMÁ,2024,6RUo1bzdYnoAfGGfxFsCYm,4N32mSS05V0I2ZCV7anWxN,21
Abraham Garrido,Latin (Origen: spanish pop),Canción,ME PASO TO EL DIA EN LA TANA,2024,0XRBvDVFNLkzXZS4KblXbb,7g5nwyLaktx2Tk089HUXnZ,18
Delux,Latin (Origen: spanish pop),Canción,Ya No,2024,4jnjvnr5iT25oudMebK5XK,70HnhSQTMla0CdYWYtiQxp,25
2 minutos,Latin (Origen: spanish pop),Canción,Tema de Adrián,2024,52mMHA2w0zKZAAaKdoZQyR,2UztntJETH29yOxVrs6RfM,27
Paola & Chiara,Latin (Origen: spanish pop),Canción,Noche Mágica,2024,5WSQujQtgwzh6PX8MpGj4f,1g3g1dwuZOA7jaw9MgSYBX,10
Party Tyme,Latin (Origen: spanish pop),Canción,Si No Es Contigo (vocal),2024,0q3Cc0I52W4Nkxv0XosbL5,268bgkofadxsR4nSoURayN,19
Lugeer,Latin (Origen: spanish pop),Canción,Sonrío y Empieza a Amanecer,2024,2DWodNcLDuYxVSP7Auzvzo,5bd1z5dsx4qd5hont2ljhT,9
Debi Nova,Latin (Origen: spanish pop),Canción,Dar Vida - Intro,2024,7C59zEp5xwI2PRymwOD4mX,17kVGKI88jjmL2XH4MNjYd,17
Emily Has Fallen,Latin (Origen: spanish pop),Canción,Recuerdos Eternos,2024,4t6nBUtiHIKGsThUBlpgIy,18cMultxabUAf2Bp5BlbN9,18
San Venus,Latin (Origen: spanish pop),Canción,2,2024,6k9OpDhgN5NOo33JaN8zKt,5Ld1mbETnGWtAvfbNFWpIg,29
Juanse Laverde,Latin (Origen: spanish pop),Canción,Intimo,2024,0LCjz117lt30IDvyphYt6w,23pLpnEGYACItXffzKzSUv,21
Iván Troyano,Latin (Origen: spanish pop),Canción,Better Place - Spanish Version,2024,3OVylUu0eOo2NnKxOJ3Zpq,1YxAjyRXpqbwZg30SeYl7b,7
2 minutos,Latin (Origen: spanish pop),Canción,Otra Mujer,2024,2hmAnQdQV7wEnWVFJJaLKe,2UztntJETH29yOxVrs6RfM,28
Mocean,Latin (Origen: spanish pop),Canción,Despierta (feat. Kirsa Moonlight),2024,0vfE4nxERAmoGsgGIOyxfv,3rJ7WtbjFT38upDsrR0m52,12
Abraham Garrido,Latin (Origen: spanish pop),Canción,She said she´s from the island Kompa,2024,7cO3sgdrx9oKr5BANzNzM5,2Isn5mVqdCciG0Rp6xR6dV,24
Emily Has Fallen,Latin (Origen: spanish pop),Canción,Te Olvidaré,2024,5b9zE6GjF6proMMsuuDQoP,3UU82K1ZIc2Cu8zvuq6hNK,16
2 minutos,Latin (Origen: spanish pop),Canción,"Piñas Van, Piñas Vienen",2024,38gFBJ9gkdYLpTmo1BxFDp,2UztntJETH29yOxVrs6RfM,28
Abraham Garrido,Latin (Origen: spanish pop),Canción,No Quiero,2024,6ByD5AmBjmlUuSi36Vt6PH,55ZBEIHIVnXK9qP9f1aC4z,20
Blnko,Latin (Origen: spanish pop),Canción,Jeff Hardy (Todos se besan con todos),2024,6y1NhW0qWoct79gX86Eg3a,1Pm0bM390rMtjBWpvBqFg2,25
Abraham Garrido,Latin (Origen: spanish pop),Canción,TRUCO RUMANO,2024,1I94cyce3kf23WIWAhak8m,6AoI7fRp7MBTZeTeboPSLY,19
Abraham Garrido,Latin (Origen: spanish pop),Canción,ELLA ME LO MUEVE,2024,68PBxlJ2u1E4J1c8FyrQjW,1u8LnzsaRVWIGRqJ5Pl5qk,18
Esteman,Latin (Origen: spanish pop),Canción,Secreto,2024,0BJxnZcGYv7ZQMBLdOUzmY,2anoc6bJ4VPsGZQxrWZTOD,32
Ticy,Latin (Origen: spanish pop),Canción,Leyla ( Leyla Spanish Version ),2024,4d2ADyuPHz3Il6Mf0UVrAJ,3KXRdF4UwGaITysCIAXmWz,14
2 minutos,Latin (Origen: spanish pop),Canción,Lejos Estoy,2024,5QbuPMVXKzlq10LuqYBt8a,2UztntJETH29yOxVrs6RfM,28
2 minutos,Latin (Origen: spanish pop),Canción,Amor Suicida,2024,2SLvPG0uDsiKaWE0X6AJL3,2UztntJETH29yOxVrs6RfM,34
Blnko,Latin (Origen: spanish pop),Canción,Cállate La Boca,2024,0ROSgycVMM82t4q8qSM3Yx,1N3prt5b677w6dCe9uaRzP,37
La Unión,Latin (Origen: spanish pop),Canción,LUNA LLENA EN PARÍS - Paco's Spanish Guitar Version,2024,7AS58AIJcF8A6glsYzH0us,5y0ElnDrMIh0GZTaVaDcJn,3
Amor Acústico,Latin (Origen: spanish pop),Canción,Someone You Loved - Spanish Version,2024,0csc2s2JvTtZS9qVr3za4A,6j4Gz9lehIvpMzu0hFhXsn,16
Party Tyme,Latin (Origen: spanish pop),Canción,Mi Gente (made popular by J Balvin & Willy William) [vocal version],2024,2hprFQ8YMi9z21egClIW3e,7J1Yg0qAvTLFoXPM7UauNe,17
Kevz,Latin (Origen: spanish pop),Canción,Imperfect For You - Spanish Version,2024,1AVCgwoYKZXivPi2RruAki,4sKjXEpc9iYOMYlqDtqLyN,20
BENJIxScarlett,Latin (Origen: spanish pop),Canción,LA CANCIÓN DE CATNAP (CatNap Song Spanish Poppy Playtime Chapter 3 Deep Sleep),2024,5NDYd7LE4ijogM3f0YnL5A,2U8y2CtyEdshwAAqHF99CQ,5
William Janz,Latin (Origen: spanish pop),Canción,"Ik wil met je dansen, Quiero Bailar Contigo - Spanish / Dutch version",2024,19gCphZW7udTj5SFb1AXng,4BLB8RTi06vvO9FWwoYVqo,28
Blnko,Latin (Origen: spanish pop),Canción,Jeff Hardy (Todos se besan con todos),2024,5jJRQb0Qbf4ZKpBwibe7nD,1N3prt5b677w6dCe9uaRzP,33
Marcelo Radomski,Latin (Origen: spanish pop),Canción,Die With A Smile - Spanish Version Español,2024,2Wf6ZqSHqSG5UAZNrTlTjQ,44lO4dN5kk6LzHyFpItDRr,22
Aitana,Latin (Origen: pop latino),Canción,24 Rosas,2024,1vVZGuULkgjf0ZRmU196ps,0M1lpjzI5QzhK7Sdn9erUJ,20
Nelly Furtado,Latin (Origen: pop latino),Canción,GALA Y DALÍ,2024,2PLAm4ZgIoHJeLTrWHmO7q,6Pwm0aU0x9kKrt3doES2tc,34
Kany García,Latin (Origen: pop latino),Canción,Fuera de Servicio - En Vivo Desde PR,2024,5EO4Jh3CiTNquHUu09a59d,5ndD2D8FLBlvdDUQIo9Xd0,37
Elikai,Latin (Origen: pop latino),Canción,Galaga,2024,406eUy4YiZSpkeMCsgPtbM,0FLpPYIRsFaSFgCaX773Db,31
Jesse & Joy,Latin (Origen: pop latino),Canción,Cuando Estamos Solas,2024,36E5cnvLlDtNJTvfhDi5ZX,6yljdwX9QDrD97sdLnD5Rv,48
Andreew,Latin (Origen: pop latino),Canción,Lo Quiero Todo,2024,1qK2mpruHOwyE6VSMIAQUz,6Wp48HYkxA3NwkhciNmaXN,29
Reik,Latin (Origen: pop latino),Canción,Baja California,2024,3XAMueRejgCY1TEJDX1gv0,3qbsCGFjewj30dvxqRJiJf,43
Kany García,Latin (Origen: pop latino),Canción,Titanic - En Vivo Desde PR,2024,1nxRhGeI9SnWRiBGJfcqZY,5ndD2D8FLBlvdDUQIo9Xd0,33
Shakira,Latin (Origen: pop latino),Canción,Cohete,2024,2P58XhyNkacK1LHSCk5O2t,34L6DaZIUkzQvZwDd5Cx9a,44
Joaquina,Latin (Origen: pop latino),Canción,pesimista,2024,1XDRDbJFoE01ZPwm5pczBk,2ZcHbieh3trp1wEv6QRsaX,39
Terrence Brian,Latin (Origen: pop latino),Canción,Naughty,2024,0qYdRnVjEH5eq0xtlISboF,45opHFkQYnXTTOwxZDDKqz,34
Mau y Ricky,Latin (Origen: pop latino),Canción,Pasado Mañana,2024,79vaLBBCDHmYvY8JUcnDj9,5ZH7IdEga8gne83NYz8nsS,44
Mar Lucas,Latin (Origen: pop latino),Canción,Lo Dejo Todo,2024,5b6VY0fZS7671s4vPZ8Ob4,2PKNKFGJWr9Dups2cYlwnX,26
MiSHNRZ,Latin (Origen: pop latino),Canción,Destrucción - Remix,2024,40MuEd09WYnN6ogHFZSFB1,0qXAi0Z9RfLIwDADnQ9OUM,38
Luis Fonsi,Latin (Origen: pop latino),Canción,Santa Marta,2024,4XIpKXTvQ3Wa94C2zsYfV1,4iQQnrUj7fhHgw2iOGTvpU,46
Sebastian Llosa,Latin (Origen: pop latino),Canción,Igual de gris,2024,4cScSwuQMKmvAsJmwQt4E0,01ue76B6p752PENdJ6eurO,49
Enrique Iglesias,Latin (Origen: pop latino),Canción,Fría - Remix,2024,1alnEk6Ileyn9W2pAINu0q,26Myqnfs2h2756VNPfPz1I,36
Kany García,Latin (Origen: pop latino),Canción,En Esta Boca - En Vivo Desde PR,2024,6xD0635bcS29pVon1ts6g8,5ndD2D8FLBlvdDUQIo9Xd0,30
Nebulossa,Latin (Origen: pop latino),Canción,ZORRA (Remix),2024,1AFKOzG4bpCZUz9Lx47HUD,50ZltOyo3047qhRK1Ngtlq,45
ELENA ROSE,Latin (Origen: pop latino),Canción,Trago Al Pecho,2024,2FizWFIAvYANGK4CHOzGFw,1ZgHIkKZSnxj0DbBKmOdv4,44
Jacinto,Latin (Origen: pop latino),Canción,Desastre Emocional,2024,1dSi0GumrjH59Sv0F3iiBn,6mbBg8WP3hFNbvDe4hktmk,47
Q_ARE,Latin (Origen: pop latino),Canción,Bass,2024,42A3IpfazQguMua2MadXjw,6FHm35DdeAyHaqY2EWzRk9,43
KAROL G,Latin (Origen: pop latino),Canción,Si Antes Te Hubiera Conocido,2024,2831u9MJKZx7w05W0bvzPx,0ah9Y5a9afdLC6tMTbo4oF,48
Jesse & Joy,Latin (Origen: pop latino),Canción,Tanto,2024,0AeuM7LvccaQKyg7SIpnyN,6XY5UnmRdYiUuuO4cWoArO,34
Aitana,Latin (Origen: pop latino),Canción,+,2024,0Yv6buWPHeRri77fN1nRFP,14FiZpEEZMPHqa8rMImQ0t,9
Luis Fonsi,Latin (Origen: pop latino),Canción,Andalucía,2024,3gJCWirg9qx1ze9t6B3P4P,4iQQnrUj7fhHgw2iOGTvpU,62
Sebastian Llosa,Latin (Origen: pop latino),Canción,Para Olvidarte,2024,3ijYGfCvtaWAIGqbYIuCr5,3cW6ZvqNqnGHTmwrhO9ZlY,31
Aitana,Latin (Origen: pop latino),Canción,Pensando En Ti,2024,2tpu7XSiQKqMqj7tKuS0pU,3BVMmpFhertTRJqBDEYrIB,8
Darell,Latin (Origen: pop latino),Canción,Lollipop - Remix,2024,3DnsKpEA4oIlsmIW8vIvSf,0Af4itz2VhMleEUXB2sf6G,43
